name,passk_overall,passk_advanced,passk_basic,passk_intermediate,success_rate_overall,success_rate_advanced,success_rate_basic,success_rate_intermediate,avg_attempts_overall,avg_attempts_advanced,avg_attempts_basic,avg_attempts_intermediate
deepseek-coder,0.4019607843137255,0.6599999999999999,0.4583333333333333,0.21249999999999997,0.47058823529411764,0.6,0.5,0.375,2,2,1,3
claude,0.7999999999999998,0.9199999999999999,0.9166666666666666,0.6666666666666666,0.6470588235294118,0.8,0.75,0.5,1,1,1,1
code-llama,0.596078431372549,0.5599999999999999,0.775,0.5291666666666667,0.35294117647058826,0.2,0.75,0.25,1,4,1,1
openai,0.7411764705882353,0.8933333333333333,0.6666666666666666,0.6833333333333333,0.6470588235294118,0.8,0.5,0.625,1,1,1,1
qwen-coder,0.4235294117647058,0.3,0.9166666666666666,0.25416666666666665,0.35294117647058826,0.2,0.75,0.25,1,1,1,1
