name,passk_overall,passk_advanced,passk_basic,passk_intermediate,success_rate_overall,success_rate_advanced,success_rate_basic,success_rate_intermediate,avg_attempts_overall,avg_attempts_advanced,avg_attempts_basic,avg_attempts_intermediate
deepseek-coder,0.5964052287581698,0.8185185185185185,0.6458333333333333,0.43287037037037035,0.47058823529411764,0.6,0.5,0.375,2,2,1,3
claude,0.8039215686274509,0.9333333333333332,0.9166666666666666,0.6666666666666666,0.6470588235294118,0.8,0.75,0.5,1,1,1,1
code-llama,0.6884531590413941,0.6333333333333333,0.8981481481481481,0.6180555555555556,0.35294117647058826,0.2,0.75,0.25,1,4,1,1
openai,0.7646280734516029,0.933068783068783,0.6666666666666666,0.7083333333333333,0.6470588235294118,0.8,0.5,0.625,1,1,1,1
qwen-coder,0.441098661686897,0.33306878306878307,0.9166666666666666,0.2708333333333333,0.35294117647058826,0.2,0.75,0.25,1,1,1,1
